ID,Name,Description,Date
EXP00010,2013-11-10
EXP00011,2013-11-10
EXP00012,2013-11-10
EXP00013,2013-11-10
EXP00014,2013-11-10
EXP00015,2013-11-10
EXP00016,2013-11-10
EXP00017,2013-11-10
EXP00018,2013-11-10
EXP00019,2013-11-12
EXP00020,2013-11-12
EXP00021,2013-11-12
EXP00022,2013-11-14
EXP00023,2013-11-14
EXP00030,2013-11-15
EXP00032,2013-11-15
EXP00053,2013-11-18
EXP00055,2013-11-18
EXP00058,2013-11-18
EXP00061,2013-11-18
EXP00064,2013-11-18
EXP00066,2013-11-18
EXP00068,2013-11-18
EXP00070,2013-11-18
EXP00075,2013-11-19
EXP00076,2013-11-19
EXP00077,2013-11-19
EXP00081,2013-11-19
EXP00082,2013-11-19
EXP00083,2013-11-19
EXP00085,2013-11-19
EXP00087,2013-11-19
EXP00090,2013-11-20
EXP00091,2013-11-20
EXP00092,2013-11-20
EXP00093,2013-11-20
EXP00094,2013-11-20
EXP00095,2013-11-20
EXP00096,2013-11-20
EXP00097,2013-11-20
EXP00098,2013-11-20
EXP00099,2013-11-20
EXP00100,2013-11-20
EXP00101,2013-11-20
EXP00102,2013-11-20
EXP00103,2013-11-20
EXP00104,2013-11-20
EXP00105,2013-11-20
EXP00106,2013-11-20
EXP00107,2013-11-20
EXP00108,2013-11-20
EXP00109,2013-11-20
EXP00110,2013-11-20
EXP00112,2013-11-21
EXP00115,2013-11-21
EXP00118,2013-11-21
EXP00147,2013-11-26
EXP00156,2013-11-26
EXP00157,2013-11-26
EXP00158,2013-11-26
EXP00159,2013-11-26
EXP00160,2013-11-26
EXP00161,2013-11-26
EXP00162,2013-11-26
EXP00163,2013-11-26
EXP00164,2013-11-26
EXP00165,2013-11-26
EXP00166,2014-01-07
EXP00170,2014-01-16
EXP00177,2014-01-21
EXP00178,2014-01-21
EXP00180,2014-01-27
EXP00181,2014-01-27
EXP00182,2014-01-27
EXP00183,2014-01-27
EXP00184,2014-01-27
EXP00185,2014-01-27
EXP00186,2014-01-27
EXP00187,2014-01-27
EXP00188,2014-01-27
EXP00189,2014-02-03
EXP00190,2014-02-03
EXP00191,2014-02-03
EXP00192,2014-02-03
EXP00193,2014-02-03
EXP00196,2014-02-04
EXP00203,2014-02-04
EXP00204,2014-02-04
EXP00205,2014-02-21
EXP00206,2014-02-21
EXP00207,2014-02-21
EXP00208,2014-02-21
EXP00209,2014-02-21
EXP00225,2014-03-01
EXP00232,2014-03-02
EXP00234,2014-03-02
EXP00236,2014-03-02
EXP00240,2014-03-20
EXP00241,2014-03-20
EXP00242,2014-03-20
EXP00243,2014-03-25
EXP00244,2014-03-25
EXP00245,2014-03-25
EXP00265,2014-04-16
EXP00270,2014-04-28
EXP00271,2014-04-28
EXP00276,2014-04-30
EXP00277,2014-05-05
EXP00278,2014-05-05
EXP00285,2014-06-12
EXP00290,2014-07-04
EXP00291,2014-07-04
EXP00292,2014-07-23
EXP00293,2014-07-23
EXP00295,2014-07-30
EXP00296,2014-09-08
EXP00297,2014-10-22
EXP00298,2014-10-22
EXP00299,2014-10-22
EXP00317,2014-12-01
EXP00319,2014-12-01
EXP00320,2014-12-01
EXP00359,2014-12-15
EXP00361,2014-12-17
EXP00363,2014-12-17
EXP00365,2014-12-17
EXP00366,2014-12-19
EXP00406,2015-01-12
EXP00407,2015-01-12
EXP00421,2015-01-16
EXP00422,2015-01-16
EXP00423,2015-01-16
EXP00431,2015-02-09
EXP00432,2015-02-09
EXP00433,2015-02-09
EXP00492,2015-08-11
EXP00493,2015-08-11
EXP00494,2015-08-11
EXP00495,2015-08-11
EXP00496,2015-08-11
EXP00497,2015-08-11
EXP00498,2015-08-11
EXP00499,2015-08-11
EXP00514,2015-08-26
EXP00515,2015-08-26
EXP00516,2015-08-26
EXP00517,2015-08-26
EXP00518,2015-08-26
EXP00519,2015-08-26
EXP00520,2015-08-26
EXP00521,2015-08-26
EXP00522,2015-08-26
EXP00523,2015-08-26
EXP00524,2015-08-26
EXP00531,2015-09-01
EXP00532,2015-09-01
EXP00534,2015-09-01
EXP00535,2015-09-01
EXP00536,2015-09-01
EXP00537,2015-09-01
EXP00538,2015-09-01
EXP00550,2015-09-02
EXP00551,2015-09-02
EXP00552,2015-09-02
EXP00553,2015-09-02
EXP00554,2015-09-02
EXP00555,2015-09-02
EXP00568,2016-02-17
EXP00569,2016-02-17
EXP00570,2016-02-17
EXP00571,2016-02-17
